x	y	key	showSelected1
-0.4	0	1	0
0.1	-1	1	1
-0.9	-1	1	2
-1.9	-2	1	3
-0.9	-2	1	4
-1.9	-3	1	5
-1.4	-4	1	6
-0.9	-5	1	7
-2.9	-3	1	8
0.0999999999999999	-2	1	9
1.6	-3	1	10
1.1	-2	1	11
-2.9	-4	1	12
-4.9	-4	1	13
-4.73333333333333	-5	1	14
-0.900000000000001	-3	1	15
2.1	-3	1	16
-1.4	-4	1	17
0.6	-4	1	18
-6.4	-6	1	19
-6.9	-7	1	20
-4.9	-5	1	21
3.6	-4	1	22
2.1	-5	1	23
